{"cameraMode":{"drawMode":0,"name":"Shaded","section":"Shading Mode"},"sceneLighting":false,"audioPlay":false,"sceneViewState":{"m_AlwaysRefresh":false,"showFog":true,"showSkybox":false,"showFlares":true,"showImageEffects":true,"showParticleSystems":true,"showVisualEffectGraphs":true,"m_FxEnabled":true},"in2DMode":false,"pivot":{"x":2.7480106353759767,"y":5.537133693695068,"z":1.9639426469802857},"rotation":{"x":-0.025372080504894258,"y":0.09462393820285797,"z":0.0024175255093723537,"w":0.9952105283737183},"size":7.382811546325684,"orthographic":false}