{"cameraMode":{"drawMode":0,"name":"Shaded","section":"Shading Mode"},"sceneLighting":true,"audioPlay":false,"sceneViewState":{"m_AlwaysRefresh":false,"showFog":true,"showSkybox":true,"showFlares":true,"showImageEffects":true,"showParticleSystems":true,"showVisualEffectGraphs":true,"m_FxEnabled":true},"in2DMode":false,"pivot":{"x":-1.6265430450439454,"y":10.182915687561036,"z":-4.308221817016602},"rotation":{"x":-0.026559745892882348,"y":-0.9528358578681946,"z":0.08743887394666672,"w":-0.28943926095962527},"size":16.432815551757814,"orthographic":false}